,acronym
AA0719.swc,VM
AA0253.swc,dhc
AA0333.swc,FRP6a
AA0961.swc,CENT3
AA0515.swc,PGRNd
AA0588.swc,MOp5
AA0715.swc,PRE
AA0468.swc,PRE
AA0825.swc,SUB
AA0720.swc,PRE
AA0050.swc,PCN
AA0980.swc,ANcr2
AA0572.swc,DG-mo
AA0258.swc,PRE
AA0442.swc,MOs5
AA0841.swc,MOs5
AA1007.swc,PSV
AA0871.swc,SUB
AA0429.swc,FN
AA0437.swc,LHA
AA0369.swc,CL
AA0653.swc,MOs1
AA0346.swc,VAL
AA0907.swc,MOs5
AA0794.swc,MOs5
AA0511.swc,MB
AA0256.swc,PRE
AA0396.swc,FRP5
AA0181.swc,MOs5
AA0337.swc,PCN
AA0601.swc,CL
AA1079.swc,arb
AA0803.swc,MOs2/3
AA0194.swc,SUB
AA0941.swc,AUDp5
AA1047.swc,ENTl1
AA0426.swc,MOs2/3
AA1014.swc,SIM
AA0438.swc,BST
AA0159.swc,PRE
AA0366.swc,VAL
AA0362.swc,DG-mo
AA0824.swc,SUB
AA0641.swc,MOs6a
AA0535.swc,SUB
AA0590.swc,FRP1
AA0415.swc,MOs5
AA0817.swc,MOs5
AA0827.swc,SUB
AA0645.swc,FRP1
AA1001.swc,MOB
AA0046.swc,MOp5
AA0484.swc,DG-mo
AA0783.swc,MOs6a
AA0496.swc,SUB
AA0834.swc,SUB
AA0868.swc,MOs5
AA0276.swc,MOs5
AA0587.swc,MOs2/3
AA0635.swc,MOs2/3
AA0837.swc,MOs5
AA0774.swc,MOs5
AA0892.swc,MOs5
AA0782.swc,MOs2/3
AA0324.swc,MOs5
AA0405.swc,RT
AA0920.swc,VPM
AA0029.swc,fi
AA0001.swc,SSp-m5
AA0618.swc,MOp1
AA0858.swc,MOs5
AA0155.swc,DG-sg
AA0501.swc,ICe
AA0948.swc,MY
AA0183.swc,MOs6a
AA0745.swc,MOs5
AA1030.swc,SPVI
AA0196.swc,DG-po
AA0693.swc,VAL
AA1064.swc,ECU
AA1051.swc,MOp5
AA1008.swc,TRN
AA0051.swc,CL
AA0857.swc,VISp6b
AA0763.swc,PoT
AA0510.swc,PRNc
AA0267.swc,MOs5
AA0787.swc,MOs5
AA0534.swc,MOs5
AA0025.swc,fp
AA0518.swc,AV
AA0687.swc,SUB
AA0615.swc,ZI
AA0480.swc,PRE
AA0728.swc,ProS
AA0422.swc,MOs5
AA1016.swc,SIM
AA0247.swc,ProS
AA0184.swc,MOs5
AA0009.swc,MOp2/3
AA0862.swc,ccb
AA0234.swc,ACAd6a
AA0091.swc,DG-sg
AA0077.swc,sm
AA0060.swc,MOs6a
AA1066.swc,SUB
AA0915.swc,MOs2/3
AA0485.swc,VAL
AA0190.swc,MOs5
AA0432.swc,arb
AA0067.swc,ACAd5
AA0352.swc,PO
AA0976.swc,COPY
AA0123.swc,CA1
AA0285.swc,MOs6a
AA0111.swc,ACAd6a
AA0972.swc,CENT2
AA0295.swc,LD
AA0163.swc,HY
AA0169.swc,MOs5
AA0202.swc,DG-mo
AA0028.swc,VISp4
AA0085.swc,or
AA0936.swc,MMme
AA0711.swc,VISl6a
AA0667.swc,MOs5
AA0849.swc,SUB
AA0958.swc,LSr
AA0749.swc,MOs5
AA0988.swc,CENT3
AA0714.swc,PRE
AA0808.swc,ZI
AA0754.swc,VPM
AA0723.swc,PRE
AA0113.swc,ACAd6a
AA0524.swc,PRE
AA0585.swc,MOp1
AA0674.swc,MOs1
AA0549.swc,MOs6a
AA1006.swc,TRN
AA0930.swc,MMd
AA0024.swc,POST
AA0216.swc,HY
AA1542.swc,MOp6a
AA0567.swc,dhc
AA0457.swc,PL6a
AA0965.swc,COPY
AA0822.swc,SUB
AA0660.swc,MOs1
AA0520.swc,LD
AA1286.swc,VISp2/3
AA0317.swc,VPM
AA1192.swc,GPi
AA0528.swc,PRE
AA0443.swc,ZI
AA0373.swc,CL
AA0899.swc,MOs5
AA0652.swc,MOp5
AA0138.swc,RE
AA0951.swc,MDRNv
AA0613.swc,ProS
AA0835.swc,MOs6a
AA0058.swc,CA1
AA0166.swc,DG-mo
AA0328.swc,MOs1
AA0737.swc,ACAd6a
AA0467.swc,MOs2/3
AA1091.swc,PG
AA0593.swc,PCN
AA0010.swc,MOs5
AA0186.swc,MOs6a
AA0199.swc,ProS
AA0349.swc,PO
AA0459.swc,SUB
AA0347.swc,VAL
AA0080.swc,PVi
AA1040.swc,MMd
AA0272.swc,MOs6a
AA0233.swc,MOs5
AA1196.swc,IRN
AA0576.swc,MOs5
AA0486.swc,ZI
AA0044.swc,MOs6a
AA1021.swc,arb
AA0049.swc,PO
AA0119.swc,ORBl5
AA0757.swc,POL
AA0092.swc,SBPV
AA0688.swc,SUB
AA0508.swc,GRN
AA0649.swc,MOp5
AA0195.swc,SUB
AA0569.swc,dhc
AA1493.swc,GPi
AA0628.swc,MOs5
AA0665.swc,MOp1
AA1319.swc,VISl4
AA0042.swc,MOp6a
AA0179.swc,MOs6a
AA0002.swc,MOp5
AA0924.swc,PIR
AA0106.swc,MOs5
AA0614.swc,HY
AA1061.swc,PRNr
AA0136.swc,VM
AA0228.swc,or
AA0866.swc,MOs2/3
AA0668.swc,MOs5
AA0505.swc,MB
AA0294.swc,CL
AA0292.swc,DG-mo
AA0012.swc,MOs6a
AA0681.swc,DG-mo
AA1039.swc,MMd
AA1223.swc,BST
AA1005.swc,TRN
AA0821.swc,SUB
AA0343.swc,PO
AA0229.swc,cing
AA1024.swc,ANcr1
AA0449.swc,VM
AA0445.swc,MOs5
AA0360.swc,DG-sg
AA0411.swc,MOs5
AA0532.swc,SUB
AA0378.swc,DG-mo
AA0759.swc,int
AA0392.swc,PRE
AA0656.swc,MOs5
AA1025.swc,ANcr1
AA0525.swc,PRE
AA0332.swc,MOs5
AA0743.swc,MOs5
AA0354.swc,CL
AA0761.swc,LHA
AA0918.swc,AV
AA0650.swc,MOs5
AA0257.swc,ProS
AA0061.swc,ORBl6a
AA1077.swc,LRNm
AA0430.swc,MY
AA0065.swc,MOs5
AA0222.swc,PH
AA0079.swc,SUB
AA0935.swc,MMme
AA0560.swc,SUB
AA0351.swc,VAL
AA1018.swc,arb
AA0191.swc,DG-mo
AA0116.swc,MOs2/3
AA0659.swc,MOs1
AA0996.swc,MDRNd
AA0581.swc,PO
AA0221.swc,VM
AA0304.swc,CA3
AA0263.swc,dhc
AA0064.swc,MOs5
AA0402.swc,MOs1
AA0410.swc,MOs6a
AA0421.swc,MOs5
AA0571.swc,DG-sg
AA0182.swc,MOs5
AA0966.swc,PYR
AA0471.swc,MOs2/3
AA0574.swc,dhc
AA0340.swc,PO
AA0583.swc,MOs2/3
AA0925.swc,VAL
AA0478.swc,PRE
AA0735.swc,MOs5
AA0526.swc,PRE
AA1059.swc,TRN
AA0700.swc,PRE
AA0676.swc,or
AA0646.swc,MOs5
AA0537.swc,AHN
AA0387.swc,DG-mo
AA0121.swc,ORBl5
AA0135.swc,MOp5
AA0600.swc,MOs5
AA0992.swc,tspc
AA0589.swc,MOp1
AA0638.swc,VISp6a
AA0984.swc,ANcr2
AA0084.swc,HY
AA0215.swc,nst
AA0477.swc,SUB
AA0213.swc,PH
AA0556.swc,MOs5
AA0758.swc,PIL
AA0970.swc,SIM
AA1032.swc,VPL
AA0112.swc,MOs5
AA0929.swc,ORBvl2/3
AA1477.swc,SI
AA0259.swc,PRE
AA0322.swc,VPL
AA0127.swc,VISp6b
AA0580.swc,PO
AA0203.swc,PRE
AA0850.swc,SUB
AA0947.swc,IRN
AA0703.swc,SUB
AA0280.swc,MOs6a
AA0603.swc,PL5
AA0450.swc,MOs2/3
AA1041.swc,MMd
AA0102.swc,MOp5
AA0114.swc,MOs5
AA1136.swc,or
AA0622.swc,MOp2/3
AA0164.swc,VM
AA0130.swc,MOs5
AA0906.swc,MOs5
AA0617.swc,MOp2/3
AA0124.swc,ProS
AA0500.swc,SUB
AA0264.swc,dhc
AA1028.swc,TRN
AA0204.swc,MB
AA0977.swc,
AA0270.swc,fp
AA0108.swc,MOs5
AA0162.swc,DG-mo
AA0026.swc,POST
AA0083.swc,mtt
AA0551.swc,POST
AA0098.swc,ACAd5
AA0894.swc,SUB
AA0479.swc,SUB
AA0797.swc,MOs5
AA1070.swc,SPVI
AA0165.swc,DG-mo
AA0904.swc,ZI
AA0403.swc,ORBvl6a
AA0548.swc,MOs6a
AA0412.swc,MOs5
AA0472.swc,MOs1
AA0655.swc,MOs1
AA0321.swc,VAL
AA0974.swc,ANcr2
AA0609.swc,LHA
AA0875.swc,PRE
AA0805.swc,PRE
AA0069.swc,IAD
AA0791.swc,MOs5
AA1002.swc,ENTl2
AA0995.swc,BMAp
AA0177.swc,ZI
AA0393.swc,PL5
AA0269.swc,MOs5
AA1023.swc,SIM
AA1057.swc,PG
AA1063.swc,MY
AA0999.swc,CA3
AA0698.swc,VISl6b
AA0275.swc,or
AA0684.swc,SUB
AA0685.swc,ProS
AA1083.swc,SPVI
AA0030.swc,POST
AA0784.swc,MOs6a
AA0428.swc,LHA
AA1060.swc,PSV
AA0672.swc,MOs2/3
AA0391.swc,VAL
AA0453.swc,LD
AA1012.swc,SIM
AA0307.swc,CA3
AA0431.swc,MY
AA0910.swc,CA1
AA0152.swc,AHN
AA0487.swc,DG-mo
AA0557.swc,PeF
AA0543.swc,MOs6a
AA0939.swc,MMl
AA0150.swc,DG-po
AA0200.swc,CL
AA0836.swc,MOs6a
AA0897.swc,MOs2/3
AA0658.swc,MOp2/3
AA1045.swc,RSPv5
AA0460.swc,MOs5
AA0552.swc,PRE
AA0356.swc,CL
AA0608.swc,LHA
AA0919.swc,AUDd5
AA0319.swc,ORBl6a
AA0689.swc,PRE
AA0814.swc,dhc
AA0898.swc,MOs5
AA0982.swc,FOTU
AA0308.swc,DG-mo
AA0741.swc,ORBl6a
AA0597.swc,MOp2/3
AA0748.swc,MOs6a
AA0286.swc,MOs5
AA1056.swc,MY
AA1543.swc,MOs5
AA0790.swc,MOs5
AA0078.swc,CA1
AA0389.swc,ZI
AA0973.swc,ANcr2
AA0775.swc,ACAd6a
AA0341.swc,LP
AA0140.swc,MOs6a
AA1074.swc,TRN
AA0180.swc,MOs6a
AA0100.swc,MOs5
AA0804.swc,SUB
AA0631.swc,CA1
AA0512.swc,PRNc
AA0071.swc,SUB
AA1042.swc,SSs5
AA0463.swc,MOs6a
AA1048.swc,MMme
AA0374.swc,PRE
AA0967.swc,COPY
AA0237.swc,MOs2/3
AA1019.swc,ANcr1
AA0171.swc,PRE
AA0542.swc,HY
AA0377.swc,PRE
AA0175.swc,ZI
AA0928.swc,BMAa
AA0726.swc,MOs5
AA0358.swc,VAL
AA0847.swc,SUB
AA0692.swc,VAL
AA0643.swc,CA1
AA1537.swc,MOs5
AA0860.swc,POST
AA1071.swc,PSV
AA0867.swc,ACAd5
AA0226.swc,VM
AA0482.swc,DG-mo
AA1076.swc,PG
AA0115.swc,MOs5
AA0536.swc,DG-mo
AA0516.swc,SPIV
AA0031.swc,SUB
AA0902.swc,cing
AA0922.swc,IRN
AA0057.swc,dhc
AA0843.swc,SUB
AA0991.swc,PRM
AA0864.swc,CA1
AA0073.swc,AD
AA0725.swc,PRE
AA0122.swc,ORBl5
AA0245.swc,MOs5
AA0648.swc,MOs5
AA0041.swc,MOp6a
AA0831.swc,SUB
AA0914.swc,MOs2/3
AA0522.swc,dhc
AA0729.swc,fx
AA0533.swc,DG-mo
AA0800.swc,ACAv2/3
AA0721.swc,SUB
AA0812.swc,POST
AA0642.swc,MOs5
AA0916.swc,MOs2/3
AA0678.swc,VISli6a
AA0219.swc,HY
AA1050.swc,MOp5
AA1046.swc,PF
AA1089.swc,PIR
AA0330.swc,ZI
AA1020.swc,ANcr1
AA0118.swc,MOs2/3
AA0545.swc,MOs6a
AA0464.swc,MOs6a
AA0142.swc,PVi
AA0013.swc,MOs2/3
AA0419.swc,MOs2/3
AA0359.swc,LP
AA0230.swc,MOs5
AA0983.swc,CENT3
AA0620.swc,ProS
AA0262.swc,fp
AA0654.swc,MOs5
AA1538.swc,MOs6a
AA1122.swc,scwm
AA0577.swc,MOs5
AA0033.swc,POST
AA0596.swc,MOs2/3
AA0917.swc,LHA
AA0770.swc,MOs6a
AA0900.swc,MOs6a
AA0731.swc,ProS
AA0517.swc,MDRNd
AA0771.swc,ACAd5
AA1133.swc,fp
AA0813.swc,PRE
AA0210.swc,MB
AA0129.swc,VPMpc
AA0053.swc,POST
AA0201.swc,VPMpc
AA0694.swc,PO
AA0054.swc,MD
AA0724.swc,PRE
AA0853.swc,MOs5
AA1053.swc,PG
AA0218.swc,PSTN
AA0833.swc,MOs6a
AA0004.swc,MOp5
AA1036.swc,MMme
AA0670.swc,MOs2/3
AA1302.swc,VISp4
AA0293.swc,CL
AA1004.swc,PG
AA0954.swc,IG
AA1080.swc,TRN
AA0633.swc,MOs5
AA0634.swc,MOs5
AA0736.swc,ProS
AA0878.swc,POST
AA0823.swc,SUB
AA1027.swc,PAR
AA1037.swc,P
AA0368.swc,MD
AA0591.swc,VAL
AA0696.swc,DG-mo
AA0313.swc,VPM
AA0506.swc,MB
AA1540.swc,MOs5
AA0971.swc,CENT2
AA0562.swc,SUB
AA0380.swc,SUB
AA0989.swc,SUV
AA0923.swc,MOp5
AA0388.swc,VAL
AA0963.swc,FL
AA0076.swc,AV
AA0768.swc,ZI
AA1031.swc,VPL
AA0912.swc,POST
AA0626.swc,MOs5
AA1182.swc,VISp5
AA0840.swc,MOs5
AA0139.swc,SUB
AA0283.swc,dhc
AA0047.swc,PCN
AA0409.swc,MOs2/3
AA0105.swc,MOs6a
AA0806.swc,fp
AA0446.swc,MOs2/3
AA0861.swc,POST
AA0082.swc,HY
AA1548.swc,CA1
AA0870.swc,PL2/3
AA0891.swc,SUB
AA0818.swc,CA1
AA0953.swc,LRNm
AA0225.swc,MOp6a
AA1149.swc,GPi
AA0086.swc,DMH
AA0786.swc,MOs5
AA0055.swc,MD
AA0281.swc,MOs5
AA0727.swc,ACAd6a
AA0452.swc,MOs5
AA0490.swc,SUB
AA1093.swc,SPVO
AA1304.swc,VISp5
AA0339.swc,PO
AA0594.swc,MOs1
AA0097.swc,MOs5
AA0088.swc,RE
AA0718.swc,VAL
AA0017.swc,BST
AA0134.swc,MOs6a
AA0905.swc,MOs5
AA0005.swc,MOp6a
AA0154.swc,DG-mo
AA0874.swc,ACAd5
AA0326.swc,VAL
AA0558.swc,LHA
AA0474.swc,MOs2/3
AA0038.swc,MOs6a
AA0363.swc,MD
AA0909.swc,CA1
AA0488.swc,ZI
AA1073.swc,P
AA1544.swc,MOs5
AA0547.swc,PRE
AA0473.swc,MOs6a
AA0499.swc,SUB
AA0193.swc,DG-po
AA0093.swc,AHN
AA0661.swc,CA1
AA0842.swc,MOs5
AA0903.swc,ACAd6a
AA0815.swc,CA1
AA1000.swc,SSs6a
AA0254.swc,PRE
AA0776.swc,cing
AA0848.swc,SUB
AA0539.swc,LD
AA0722.swc,PRE
AA0279.swc,MOs5
AA1160.swc,scwm
AA0507.swc,DR
AA0651.swc,VAL
AA0602.swc,MOs5
AA0156.swc,DG-sg
AA0493.swc,SUB
AA0985.swc,NOD
AA0008.swc,SSp-ul2/3
AA0440.swc,MOs5
AA0994.swc,SSp-m6a
AA0034.swc,MOp5
AA0174.swc,ZI
AA0306.swc,CA1
AA0946.swc,V
AA1010.swc,PG
AA0068.swc,AV
AA1044.swc,SNc
AA0273.swc,fa
AA1081.swc,VM
AA0268.swc,dhc
AA0168.swc,PRE
AA0066.swc,ACAd5
AA0632.swc,MOs5
AA0120.swc,ORBl6a
AA0016.swc,AV
AA0498.swc,SUB
AA0950.swc,SPVI
AA1013.swc,SIM
AA0365.swc,VAL
AA0481.swc,MOs5
AA0793.swc,MOs2/3
AA0798.swc,MOs5
AA0314.swc,VPM
AA0943.swc,mfb
AA0327.swc,MOs5
AA0598.swc,SMT
AA0701.swc,SUB
AA0669.swc,MOs5
AA0838.swc,MOs6a
AA0284.swc,MOs2/3
AA0157.swc,POST
AA0384.swc,DG-mo
AA0599.swc,MOs5
AA0846.swc,MOs5
AA0619.swc,or
AA0298.swc,PCN
AA0734.swc,MOs5
AA0699.swc,VISl6a
AA0305.swc,DG-mo
AA0434.swc,IRN
AA0742.swc,MOs5
AA0605.swc,MOs5
AA1092.swc,PB
AA0469.swc,MOs1
AA0604.swc,PO
AA0261.swc,MOs5
AA0764.swc,ACAd5
AA0772.swc,MOs5
AA0231.swc,MOs6a
AA0788.swc,MOs5
AA0630.swc,MOp5
AA1248.swc,VISp5
AA0370.swc,MD
AA0695.swc,PRE
AA0146.swc,DG-mo
AA0072.swc,POST
AA0931.swc,MB
AA0844.swc,ACAd6a
AA0555.swc,PeF
AA0986.swc,"CUL4, 5"
AA0336.swc,LD
AA0962.swc,FL
AA0206.swc,MB
AA0176.swc,VM
AA0882.swc,MOs5
AA0062.swc,MOs6a
AA0291.swc,MOs2/3
AA0716.swc,PRE
AA0110.swc,MOs6a
AA0595.swc,VAL
AA1049.swc,SSp-m5
AA0586.swc,VAL
AA0383.swc,SUB
AA0639.swc,MOs2/3
AA0582.swc,MOs2/3
AA0795.swc,MOs2/3
AA0657.swc,fp
AA0740.swc,ACAd6a
AA1082.swc,SPVC
AA1017.swc,PFL
AA1026.swc,DEC
AA0408.swc,MOs6a
AA0575.swc,MOs5
AA0420.swc,CA3
AA1490.swc,GPi
AA1033.swc,RN
AA0492.swc,VISp5
AA0353.swc,MD
AA0969.swc,"CUL4, 5"
AA0944.swc,SSp-m5
AA0444.swc,SUB
AA0559.swc,dhc
AA0220.swc,PH
AA0316.swc,VAL
AA0250.swc,MOs5
AA0059.swc,ORBl5
AA0417.swc,PL5
AA0357.swc,LD
AA0081.swc,DMH
AA0881.swc,POST
AA0244.swc,PRE
AA0636.swc,PL2/3
AA0148.swc,DG-sg
AA0227.swc,dhc
AA0189.swc,DG-mo
AA0888.swc,MOs5
AA0367.swc,CL
AA0223.swc,pm
AA1413.swc,GPe
AA0441.swc,MOs5
AA0855.swc,SUB
AA1034.swc,MMd
AA0214.swc,PH
AA0456.swc,PL6a
AA0311.swc,VPM
AA0513.swc,P
AA0876.swc,MOs6a
AA0350.swc,VAL
AA0707.swc,PRE
AA0690.swc,PRE
AA1029.swc,P
AA0662.swc,MOp1
AA0578.swc,MOs5
AA0623.swc,MOs5
AA0303.swc,root
AA0865.swc,MOs2/3
AA0302.swc,VAL
AA0212.swc,HY
AA0683.swc,ProS
AA0739.swc,MOs6a
AA1123.swc,or
AA0945.swc,SSp-bfd5
AA0544.swc,MOs6a
AA0529.swc,PRE
AA0809.swc,VM
AA0932.swc,MB
AA0913.swc,MOs5
AA1072.swc,TRN
AA0679.swc,VISl6a
AA0521.swc,root
AA0232.swc,MOs2/3
AA0289.swc,MOs5
AA0023.swc,AMd
AA1058.swc,PRE
AA0568.swc,DG-mo
AA0208.swc,CA1
AA0497.swc,root
AA0744.swc,MOs5
AA0425.swc,PL2/3
AA1257.swc,VISl4
AA0278.swc,MOs6a
AA0103.swc,MOs6a
AA0003.swc,MOp2/3
AA0151.swc,DG-sg
AA1054.swc,PRNr
AA0519.swc,VAL
AA0503.swc,PARN
AA0675.swc,VM
AA0329.swc,MOs2/3
AA0546.swc,HPF
AA0019.swc,AV
AA0020.swc,SUB
AA0211.swc,MB
AA0470.swc,MOs1
AA0709.swc,PRE
AA0198.swc,DG-mo
AA0691.swc,or
AA0018.swc,fi
AA0101.swc,MOs6a
AA0075.swc,IAD
AA0027.swc,VISp6a
AA0826.swc,SUB
AA0828.swc,SUB
AA0629.swc,PO
AA0310.swc,VPM
AA0404.swc,MOs6a
AA1062.swc,MV
AA0880.swc,MOs5
AA1086.swc,PG
AA0104.swc,MOs6a
AA0753.swc,TH
AA0172.swc,MB
AA0680.swc,VISl6a
AA0901.swc,MOs1
AA0712.swc,VISl6a
AA0132.swc,MOp5
AA0644.swc,MOs5
AA0502.swc,VPL
AA0266.swc,TH
AA0344.swc,VAL
AA1541.swc,MOs5
AA0236.swc,MOs5
AA0666.swc,MOs2/3
AA0372.swc,PCN
AA0637.swc,MOs2/3
AA0624.swc,MOs1
AA0252.swc,SUB
AA0435.swc,BST
AA0454.swc,PRE
AA0819.swc,CA1
AA0423.swc,SUB
AA0845.swc,ACAv5
AA0207.swc,LHA
AA0447.swc,alv
AA0573.swc,DG-sg
AA0022.swc,dhc
AA0205.swc,MB
AA0070.swc,AV
AA0987.swc,MB
AA0550.swc,MOs6a
AA0416.swc,MOs2/3
AA0390.swc,FRP5
AA0541.swc,MOs6a
AA0579.swc,VAL
AA0730.swc,LHA
AA0309.swc,DG-mo
AA0282.swc,VISp6a
AA0960.swc,CA3
AA0325.swc,ORBvl6a
AA0773.swc,MOs5
AA0141.swc,AHN
AA0466.swc,MOs5
AA0940.swc,MMd
AA0839.swc,MOs6a
AA0584.swc,MOp2/3
AA0418.swc,MOs2/3
AA0616.swc,LHA
AA0107.swc,MOp6a
AA0007.swc,SSp-ul2/3
AA0364.swc,PCN
AA0664.swc,MOs5
AA0099.swc,MOs5
AA0979.swc,PFL
AA0563.swc,dhc
AA0852.swc,ACAv1
AA0248.swc,ProS
AA0611.swc,ProS
AA0399.swc,VPL
AA0427.swc,ORBvl6a
AA0495.swc,SUB
AA0032.swc,POST
AA0209.swc,mtt
AA0043.swc,MOp6a
AA0872.swc,ACAv2/3
AA0355.swc,VAL
AA0238.swc,ACAd2/3
AA0271.swc,MOs5
AA1052.swc,PRNr
AA0621.swc,CA1
AA0811.swc,SUB
AA0161.swc,SUB
AA0829.swc,CA1
AA1067.swc,MMme
AA0095.swc,MD
AA1022.swc,PFL
AA0732.swc,MOs6b
AA1069.swc,SPVI
AA0290.swc,fp
AA0063.swc,cing
AA0820.swc,CA1
AA0554.swc,MOs5
AA0677.swc,or
AA0424.swc,MOs1
AA0185.swc,MOs6a
AA0217.swc,HY
AA1088.swc,SSp-m6a
AA0458.swc,PRE
AA0647.swc,MOs5
AA1090.swc,POST
AA0144.swc,DG-mo
AA0785.swc,MOs5
AA1539.swc,MOp6a
AA0400.swc,MOs5
AA0796.swc,ACAv5
AA0832.swc,MOs6a
AA0625.swc,MOs2/3
AA0663.swc,MOs1
AA0863.swc,MOs5
AA0959.swc,CA1
AA0158.swc,POST
AA0096.swc,MOs5
AA0265.swc,MOs5
AA0243.swc,ACAd6a
AA0398.swc,MOs6a
AA0382.swc,PRE
AA0879.swc,POST
AA0274.swc,MOs5
AA0323.swc,ORBl6a
AA0011.swc,MOs5
AA0883.swc,ACAd5
AA0673.swc,MOp1
AA0856.swc,ACAd6a
AA0607.swc,PeF
AA0877.swc,SUB
AA1038.swc,P
AA0045.swc,MOp6a
AA0886.swc,SUB
AA0414.swc,PRE
AA0240.swc,MOs6a
AA0752.swc,PIL
AA0956.swc,MOp5
AA0640.swc,MOs5
AA0993.swc,ANcr2
AA0094.swc,PR
AA0893.swc,ACAd6a
AA0514.swc,MRN
AA0769.swc,MOs6a
AA0896.swc,or
AA1075.swc,VCO
AA0160.swc,VISp6a
AA0859.swc,MOs2/3
AA0738.swc,MOs2/3
AA0952.swc,
AA0997.swc,CA3
AA0192.swc,DG-mo
AA0792.swc,MOs5
AA0381.swc,POST
AA0197.swc,DG-po
AA0802.swc,MOs2/3
AA0884.swc,MOs2/3
AA0890.swc,ProS
AA0807.swc,ACAd2/3
AA0462.swc,MOs5
AA0147.swc,DG-sg
AA0564.swc,SUB
AA1003.swc,PG
AA0376.swc,DG-mo
AA0406.swc,ORBvl6a
AA0538.swc,PRE
AA0702.swc,ProS
AA0957.swc,COApl
AA0778.swc,ACAv6a
AA0021.swc,POST
AA1417.swc,GPe
AA0766.swc,ACAd6a
AA0260.swc,dhc
AA0015.swc,AV
AA0277.swc,ccg
AA0149.swc,DG-po
AA0331.swc,VAL
AA0705.swc,DG-mo
AA0789.swc,MOs5
AA0394.swc,MOs5
AA1078.swc,SSp-m5
AA0978.swc,PFL
AA1055.swc,PG
AA0889.swc,MOs5
AA0780.swc,MOs5
AA0255.swc,PRE
AA0483.swc,PRE
AA0299.swc,VAL
AA1065.swc,MY
AA0320.swc,ORBl6a
AA0242.swc,MOs6a
AA0476.swc,SUB
AA0187.swc,MOs5
AA0895.swc,or
AA0167.swc,PeF
AA0297.swc,VAL
AA0401.swc,MOs6a
AA0570.swc,POST
AA0854.swc,MOs5
AA0035.swc,MOp5
AA0345.swc,VAL
AA0385.swc,DG-mo
AA1068.swc,MY
AA0436.swc,LHA
AA0133.swc,MOs6a
AA0527.swc,SUB
AA0145.swc,DG-mo
AA0052.swc,SUB
AA0751.swc,MRN
AA0131.swc,MOp5
AA0040.swc,MOp6a
AA0627.swc,MOs1
AA0540.swc,LD
AA0379.swc,PRE
AA0755.swc,VPM
AA0249.swc,PRE
AA0777.swc,ACAd6a
AA0342.swc,VAL
AA1084.swc,SPVC
AA0708.swc,PRE
AA0188.swc,MOs5
AA0335.swc,PCN
AA0750.swc,VPM
AA0287.swc,MOs5
AA0037.swc,MOs5
AA0926.swc,MOp5
AA0706.swc,SUB
AA0998.swc,DG-sg
AA0137.swc,VM
AA0465.swc,MOs5
AA0756.swc,POL
AA0830.swc,SUB
AA0224.swc,MOp6a
AA1035.swc,MRN
AA0361.swc,DG-sg
AA0606.swc,LHA
AA0014.swc,MOs2/3
AA0371.swc,MD
AA0686.swc,PRE
AA0235.swc,MOs5
AA0908.swc,MOs6a
AA1249.swc,ENTm2
AA0816.swc,CA1
AA0338.swc,PO
AA0747.swc,MOs6a
AA0762.swc,PoT
AA0048.swc,VAL
AA0494.swc,POST
AA0975.swc,PYR
AA0348.swc,VAL
AA0397.swc,MOs5
AA0074.swc,CM
AA0610.swc,ZI
AA0251.swc,SUB
AA0334.swc,CL
AA0964.swc,
AA0531.swc,PRE
AA0682.swc,PRE
AA0799.swc,ACAd6a
AA0296.swc,DG-mo
AA0733.swc,MOs6a
AA0318.swc,VPM
AA0561.swc,DG-mo
AA0767.swc,MOs5
AA0439.swc,MOs5
AA0810.swc,SUB
AA0937.swc,MMd
AA0117.swc,MOs6a
AA0461.swc,FRP6a
AA0746.swc,MOs5
AA0241.swc,MOs2/3
AA0087.swc,HY
AA0990.swc,PRM
AA0126.swc,SUB
AA0779.swc,LHA
AA0885.swc,SUB
AA0312.swc,VPM
AA0170.swc,PRE
AA1011.swc,SIM
AA0288.swc,MOs5
AA0523.swc,ENTm6
AA0036.swc,MOs5
AA0981.swc,COPY
AA0704.swc,SUB
AA0315.swc,VPM
AA0717.swc,POST
AA0153.swc,PVH
AA1087.swc,TRN
AA0869.swc,DG-mo
AA0955.swc,IG
AA0760.swc,LHA
AA0056.swc,PF
AA0407.swc,MOs2/3
AA0530.swc,AV
AA0887.swc,MOs5
AA1009.swc,PG
AA0491.swc,DG-mo
AA0933.swc,MMd
AA0851.swc,CA1
AA0413.swc,MOs5
AA0566.swc,dhc
AA0300.swc,MOs5
AA0089.swc,PR
AA0968.swc,
AA0451.swc,VAL
AA0455.swc,fa
AA0128.swc,ZI
AA0246.swc,PRE
AA1085.swc,SPVI
AA0911.swc,FRP6a
AA0090.swc,VMH
AA0801.swc,ACAd2/3
AA0395.swc,MOs2/3
AA0039.swc,MOs6a
AA0006.swc,MOp2/3
AA0475.swc,MOs2/3
AA0697.swc,ProS
AA0433.swc,PAG
AA1143.swc,or
AA0375.swc,SUB
AA0173.swc,PRE
AA0671.swc,MOs1
AA0178.swc,PAL
AA0125.swc,POST
AA0301.swc,PCN
AA0109.swc,MOs6a
AA0781.swc,MOs6a
AA1015.swc,SIM
AA0509.swc,ll
AA0612.swc,VAL
AA0386.swc,PRE
AA0713.swc,PRE
AA0873.swc,MOs2/3
AA0592.swc,MOp2/3
AA0448.swc,VM
AA0942.swc,SGN
AA0949.swc,VISp5
AA0765.swc,ACAd2/3
AA0504.swc,MY
AA0239.swc,ACAd6a
AA0553.swc,MOs6a
AA0934.swc,MMd
AA0927.swc,MOp5
AA1043.swc,MOp6a
AA0143.swc,DG-sg
AA0710.swc,PRE
AA0565.swc,dhc
AA0921.swc,VAL
AA0938.swc,PSTN
AA0489.swc,SUB
